,BAU,LC3,EST
C_SOL,1387109.739,1195172.865,895591.7605
M_SOL,2836.384746,2849.618069,1924.998433
N_SOL,21.56964059,20.01474122,19.53316447
